Date,ppm
3/29/1958,316.19
4/5/1958,317.31
4/12/1958,317.69
4/19/1958,317.58
4/26/1958,316.48
5/3/1958,316.95
5/17/1958,317.56
5/24/1958,317.99
7/5/1958,315.85
7/12/1958,315.85
7/19/1958,315.46
7/26/1958,315.59
8/2/1958,315.64
8/9/1958,315.1
8/16/1958,315.09
8/30/1958,314.14
9/6/1958,313.54
11/8/1958,313.05
11/15/1958,313.26
11/22/1958,313.57
11/29/1958,314.01
12/6/1958,314.56
12/13/1958,314.41
12/20/1958,314.77
12/27/1958,315.21
1/3/1959,315.24
1/10/1959,315.5
1/17/1959,315.69
1/24/1959,315.86
1/31/1959,315.42
2/14/1959,316.94
2/21/1959,316.61
2/28/1959,316.62
3/7/1959,316.81
3/21/1959,316.73
3/28/1959,316.71
4/4/1959,317.72
4/11/1959,317.12
4/18/1959,317.64
4/25/1959,318.32
5/2/1959,318.27
5/9/1959,318.78
5/16/1959,318.05
5/23/1959,318.43
6/6/1959,318.53
6/13/1959,318.14
6/20/1959,317.88
6/27/1959,317.76
7/4/1959,316.86
7/11/1959,316.83
7/18/1959,316.45
7/25/1959,316.16
8/1/1959,315.62
8/8/1959,314.91
8/22/1959,315
8/29/1959,314.15
9/5/1959,314.45
9/12/1959,313.93
9/19/1959,313.57
9/26/1959,313.54
10/3/1959,313.04
10/10/1959,313.15
10/17/1959,313.43
10/24/1959,313.46
10/31/1959,314.12
11/7/1959,314.42
11/14/1959,314.88
11/21/1959,315.2
11/28/1959,315.11
12/5/1959,315.06
12/12/1959,315.64
12/19/1959,315.86
12/26/1959,315.77
1/2/1960,315.72
1/9/1960,316.4
1/16/1960,316.73
1/23/1960,316.57
1/30/1960,316.68
2/6/1960,316.61
2/13/1960,316.98
2/20/1960,317.42
2/27/1960,317
3/5/1960,316.96
3/12/1960,317.76
3/19/1960,318.07
3/26/1960,317.77
4/2/1960,318.61
4/9/1960,319.34
4/16/1960,319.01
4/23/1960,319.03
4/30/1960,319.77
5/7/1960,319.96
5/14/1960,319.82
5/21/1960,320.04
5/28/1960,320.06
6/4/1960,319.46
6/11/1960,320.08
6/18/1960,319.42
6/25/1960,319.09
7/2/1960,318.18
7/9/1960,318.64
7/16/1960,318.41
7/23/1960,317.91
7/30/1960,317.33
8/6/1960,316.62
8/13/1960,316.7
8/20/1960,315.1
8/27/1960,314.78
9/3/1960,314.72
9/10/1960,314.58
9/17/1960,314.28
9/24/1960,313.33
10/1/1960,313.66
10/8/1960,313.32
10/15/1960,313.92
10/22/1960,314.21
10/29/1960,314.29
11/5/1960,314.5
11/12/1960,315.1
11/19/1960,315.1
11/26/1960,315.41
12/3/1960,315.84
12/10/1960,316.07
12/17/1960,316.21
12/24/1960,316.4
12/31/1960,316.67
1/7/1961,316.73
1/14/1961,317.02
1/21/1961,317.03
1/28/1961,317.01
2/4/1961,317.06
2/11/1961,317.75
2/18/1961,317.94
2/25/1961,318
3/4/1961,318.04
3/11/1961,318.51
3/18/1961,318.92
3/25/1961,318.71
4/1/1961,319.41
4/8/1961,319.55
4/15/1961,318.9
4/22/1961,319.74
4/29/1961,319.67
5/6/1961,320.67
5/13/1961,320.46
5/20/1961,320.61
5/27/1961,320.36
6/3/1961,320.09
6/10/1961,320.02
6/17/1961,319.62
6/24/1961,319.49
7/1/1961,319.26
7/8/1961,319.07
7/15/1961,318.49
7/22/1961,317.16
7/29/1961,317.97
8/5/1961,317.91
8/12/1961,317.33
8/19/1961,316.76
8/26/1961,315.26
9/2/1961,315.28
9/9/1961,314.97
9/16/1961,314.53
9/23/1961,315.06
9/30/1961,315.61
10/7/1961,314.97
10/14/1961,315.43
10/21/1961,315.48
10/28/1961,315.72
11/4/1961,315.82
11/11/1961,315.7
11/18/1961,316.21
11/25/1961,316.55
12/2/1961,316.52
12/9/1961,317.02
12/16/1961,316.94
12/23/1961,317.18
12/30/1961,317.46
1/6/1962,317.99
1/13/1962,318.12
1/20/1962,318.07
1/27/1962,317.78
2/3/1962,318.08
2/10/1962,318.35
2/17/1962,318.92
2/24/1962,319.38
3/3/1962,319.28
3/10/1962,319.46
3/17/1962,319.95
3/24/1962,319.78
3/31/1962,320.27
4/7/1962,320.26
4/14/1962,321.03
4/21/1962,320.78
4/28/1962,320.36
5/5/1962,320.89
5/12/1962,320.78
5/19/1962,321.05
5/26/1962,321.16
6/2/1962,320.91
6/9/1962,320.87
6/16/1962,320.52
6/23/1962,320.15
6/30/1962,320.23
7/7/1962,320.1
7/14/1962,319.95
7/21/1962,319.01
7/28/1962,318.75
8/4/1962,318.68
8/11/1962,317.24
8/18/1962,317.48
9/15/1962,316.65
9/22/1962,315.72
9/29/1962,315.92
10/6/1962,315.1
10/13/1962,315.4
10/20/1962,315.72
10/27/1962,315.78
11/3/1962,315.94
11/10/1962,316.49
11/17/1962,316.92
11/24/1962,317.08
12/1/1962,317.19
12/8/1962,317.31
12/15/1962,317.66
12/22/1962,318.18
1/5/1963,318.54
1/12/1963,318.73
1/19/1963,318.9
1/26/1963,318.82
2/2/1963,318.77
2/9/1963,318.95
2/23/1963,319.37
3/2/1963,319.35
3/9/1963,319.7
3/16/1963,319.8
3/23/1963,320.34
3/30/1963,320.29
4/6/1963,320.38
4/13/1963,320.96
4/20/1963,322.05
4/27/1963,321.92
5/11/1963,321.97
5/18/1963,322.28
5/25/1963,322.27
6/1/1963,322.32
6/8/1963,322.09
6/15/1963,321.83
6/22/1963,320.88
6/29/1963,320.49
7/6/1963,320.12
7/13/1963,319.82
7/20/1963,319.56
7/27/1963,319.06
8/3/1963,318.6
8/10/1963,318.27
8/17/1963,317.73
8/24/1963,317.12
8/31/1963,316.44
9/7/1963,316.81
9/14/1963,315.99
9/21/1963,316.03
9/28/1963,315.93
10/5/1963,316.28
10/12/1963,315.65
10/19/1963,316.14
10/26/1963,316.36
11/2/1963,316.63
11/9/1963,316.83
11/16/1963,317.13
11/30/1963,317.56
12/7/1963,318.07
12/14/1963,318.27
12/21/1963,318.59
12/28/1963,318.74
1/4/1964,319.04
1/11/1964,319.49
1/18/1964,319.88
5/30/1964,322.07
6/6/1964,322.06
6/27/1964,321.57
7/4/1964,321.14
7/11/1964,319.95
7/18/1964,320.28
7/25/1964,320.02
8/1/1964,319.14
8/15/1964,318.61
8/22/1964,318.23
8/29/1964,318.11
9/5/1964,317.48
9/12/1964,316.57
9/19/1964,315.59
9/26/1964,317.01
10/3/1964,316.93
10/10/1964,316.51
10/17/1964,316.86
10/24/1964,317.05
10/31/1964,317.65
11/7/1964,317.77
11/14/1964,317.65
11/21/1964,317.52
11/28/1964,318.11
12/5/1964,318.42
12/12/1964,318.58
12/19/1964,318.93
12/26/1964,318.91
1/2/1965,319.08
1/9/1965,319.17
1/16/1965,319.16
1/23/1965,319.79
1/30/1965,320.12
2/6/1965,320.2
2/13/1965,320.16
2/20/1965,320.7
2/27/1965,320.89
3/6/1965,321.07
3/13/1965,320.98
3/20/1965,320.49
3/27/1965,321.4
4/3/1965,321.95
4/10/1965,322.27
4/17/1965,322.17
4/24/1965,321.86
5/1/1965,322.46
5/8/1965,322.22
5/15/1965,321.94
5/22/1965,321.69
5/29/1965,322.26
6/5/1965,321.87
6/12/1965,321.77
6/19/1965,321.77
6/26/1965,321.99
7/3/1965,321.97
7/10/1965,321.85
7/17/1965,321.76
7/24/1965,320.47
7/31/1965,319.49
8/7/1965,319.47
8/14/1965,318.02
8/21/1965,318.82
8/28/1965,318.73
9/4/1965,318.39
9/11/1965,318.05
9/18/1965,318.26
9/25/1965,316.85
10/2/1965,316.6
10/9/1965,317.26
10/16/1965,317.86
10/23/1965,317.56
10/30/1965,317.63
11/6/1965,318.3
11/13/1965,319.26
11/20/1965,318.99
11/27/1965,319.17
12/4/1965,319.09
12/11/1965,319.37
12/18/1965,319.39
12/25/1965,319.7
1/1/1966,319.69
1/8/1966,320.49
1/15/1966,320.63
1/22/1966,321.09
1/29/1966,321.16
2/5/1966,321.26
2/12/1966,321.75
2/19/1966,321.67
2/26/1966,321.8
3/5/1966,322.1
3/12/1966,322.14
3/19/1966,322.57
3/26/1966,322.86
4/2/1966,323.55
4/9/1966,323.62
4/16/1966,323.88
4/23/1966,323.91
4/30/1966,323.53
5/7/1966,324
5/14/1966,324.1
5/21/1966,323.72
5/28/1966,324.31
6/4/1966,324.02
6/11/1966,323.88
6/18/1966,323.75
6/25/1966,323.32
7/2/1966,322.82
7/9/1966,322.9
8/6/1966,321.31
8/13/1966,320.85
8/20/1966,319.16
8/27/1966,319.64
9/3/1966,319.94
9/10/1966,318.22
9/17/1966,318.46
9/24/1966,318.31
10/1/1966,317.9
10/8/1966,317.9
10/15/1966,318.21
10/22/1966,318.61
10/29/1966,318.39
11/12/1966,319.59
11/19/1966,320.03
11/26/1966,320.24
12/3/1966,320.8
12/10/1966,320.87
12/17/1966,321.16
12/24/1966,321.31
12/31/1966,321.37
1/7/1967,321.92
1/14/1967,322.93
2/4/1967,322.19
2/11/1967,322.23
2/18/1967,322.86
2/25/1967,322.6
3/4/1967,322.94
3/11/1967,322.6
3/18/1967,323.33
3/25/1967,323.24
4/1/1967,323.15
4/8/1967,324.21
4/15/1967,324.41
4/22/1967,324.6
4/29/1967,325.16
5/6/1967,325.26
5/13/1967,324.78
5/20/1967,325.09
5/27/1967,324.94
6/3/1967,324.95
6/10/1967,324.65
6/17/1967,323.31
6/24/1967,323.5
7/1/1967,322.89
7/8/1967,322.85
7/15/1967,322.45
7/22/1967,322.4
7/29/1967,322.04
8/5/1967,321.65
8/12/1967,321.4
8/19/1967,320.48
8/26/1967,320.01
9/2/1967,320.07
9/9/1967,319.43
9/16/1967,319.35
9/23/1967,319.03
9/30/1967,318.81
10/7/1967,318.88
10/14/1967,319.86
10/21/1967,319.47
10/28/1967,319.86
11/4/1967,320.01
11/11/1967,320.34
11/18/1967,320.91
11/25/1967,321.54
12/2/1967,321.4
12/9/1967,321.89
12/16/1967,322.29
12/23/1967,321.98
12/30/1967,322.3
1/6/1968,322.46
1/13/1968,322.5
1/20/1968,322.59
1/27/1968,322.83
2/3/1968,322.66
2/10/1968,323.17
2/17/1968,323.46
2/24/1968,323.18
3/2/1968,323.15
3/9/1968,323.85
3/16/1968,323.85
3/23/1968,324.21
3/30/1968,324.77
4/6/1968,324.79
4/13/1968,325.04
4/20/1968,324.84
4/27/1968,325.45
5/4/1968,325.63
5/11/1968,325.09
5/18/1968,325.52
5/25/1968,325.86
6/1/1968,325.67
6/8/1968,325.71
6/15/1968,325.56
6/22/1968,324.99
6/29/1968,324.63
7/6/1968,324.7
7/13/1968,324.13
7/20/1968,323.94
7/27/1968,323.4
8/3/1968,322.49
8/10/1968,322.27
8/17/1968,322.02
8/24/1968,321.74
8/31/1968,321.42
9/7/1968,320.44
9/14/1968,321.18
9/21/1968,319.78
9/28/1968,319.89
10/5/1968,320.57
10/12/1968,320.52
10/19/1968,320.26
10/26/1968,319.92
11/2/1968,320.7
11/9/1968,320.89
11/16/1968,321.4
11/23/1968,321.78
11/30/1968,322.06
12/7/1968,322.44
12/14/1968,322.91
12/21/1968,323.33
12/28/1968,323.19
1/4/1969,323.39
1/11/1969,324.06
1/18/1969,324.36
1/25/1969,324.14
2/1/1969,324.16
2/8/1969,323.92
2/15/1969,324.37
2/22/1969,324.86
3/1/1969,325.14
3/8/1969,325.58
3/15/1969,325.72
3/22/1969,325.96
3/29/1969,325.89
4/5/1969,326.27
4/12/1969,327.13
4/19/1969,326.58
4/26/1969,326.57
5/3/1969,327.52
5/10/1969,327.82
5/17/1969,326.86
5/24/1969,326.92
5/31/1969,327.43
6/7/1969,326.51
6/14/1969,326.78
6/21/1969,326.73
6/28/1969,326.37
7/5/1969,326.16
7/12/1969,326.07
7/19/1969,325.72
7/26/1969,325.47
8/2/1969,324.5
8/9/1969,324.56
8/16/1969,323.14
8/23/1969,322.56
8/30/1969,323.14
9/6/1969,322.21
9/13/1969,322.79
9/20/1969,322.84
9/27/1969,321.96
10/4/1969,321.5
10/11/1969,321.82
10/18/1969,322
10/25/1969,321.93
11/1/1969,322.21
11/8/1969,322.64
11/15/1969,322.78
11/22/1969,323.1
11/29/1969,323.52
12/6/1969,323.91
12/13/1969,323.99
12/20/1969,324.22
12/27/1969,324.5
1/3/1970,324.7
1/10/1970,325.4
1/17/1970,325.05
1/24/1970,324.8
1/31/1970,325.55
2/7/1970,325.7
2/14/1970,326.02
2/21/1970,326.32
2/28/1970,326.17
3/7/1970,326.85
3/14/1970,326.8
3/21/1970,327.51
3/28/1970,326.95
4/4/1970,328.2
4/11/1970,327.84
4/18/1970,327.81
4/25/1970,328.55
5/2/1970,327.99
5/9/1970,327.56
5/16/1970,328.03
5/23/1970,328.33
5/30/1970,327.98
6/6/1970,327.55
6/13/1970,327.86
6/20/1970,327.71
6/27/1970,327.23
7/4/1970,327.29
7/11/1970,326.24
7/18/1970,326.28
7/25/1970,325.63
8/1/1970,325.24
8/8/1970,325.21
8/15/1970,324.86
8/22/1970,324.84
8/29/1970,323.33
9/5/1970,322.97
9/12/1970,323.58
9/19/1970,323.18
9/26/1970,323.15
10/3/1970,323.21
10/10/1970,323.56
10/17/1970,322.92
10/24/1970,323.02
10/31/1970,323.18
11/7/1970,323.69
11/14/1970,323.76
11/21/1970,324.23
11/28/1970,324.71
12/5/1970,324.73
12/12/1970,325
12/19/1970,325.29
12/26/1970,325.58
1/2/1971,325.77
1/9/1971,325.89
1/16/1971,325.9
1/23/1971,326.72
1/30/1971,326.68
2/6/1971,326.55
2/13/1971,326.49
2/20/1971,326.79
2/27/1971,327.05
3/6/1971,327.15
3/13/1971,327.34
3/20/1971,327.08
3/27/1971,327.45
4/3/1971,327.44
4/10/1971,327.1
4/17/1971,327.71
4/24/1971,328.56
5/1/1971,328.2
5/8/1971,329.07
5/15/1971,329.28
5/22/1971,328.92
5/29/1971,328.81
6/5/1971,328.56
6/12/1971,328.8
6/19/1971,328.18
6/26/1971,328.52
7/3/1971,327.92
7/10/1971,327.88
7/17/1971,327.55
7/24/1971,326.21
7/31/1971,326.74
8/7/1971,326.12
8/14/1971,325.61
8/21/1971,325.39
8/28/1971,324.04
9/4/1971,323.65
9/11/1971,323.51
9/18/1971,323.26
9/25/1971,323.3
10/2/1971,323.32
10/9/1971,322.95
10/16/1971,323.52
10/23/1971,323.69
10/30/1971,324.4
11/6/1971,324.36
11/13/1971,324.53
11/20/1971,325.04
11/27/1971,325.51
12/4/1971,325.38
12/11/1971,325.93
12/18/1971,326.28
12/25/1971,326.35
1/1/1972,326.61
1/8/1972,326.67
1/15/1972,326.62
1/22/1972,326.68
1/29/1972,327.24
2/5/1972,327.4
2/12/1972,327.95
2/19/1972,327.83
2/26/1972,327.42
3/4/1972,327.58
3/11/1972,327.16
3/18/1972,327.78
3/25/1972,328.62
4/1/1972,328.97
4/8/1972,329.47
4/15/1972,329.83
4/22/1972,330.13
4/29/1972,330.02
5/6/1972,330.04
5/13/1972,329.75
5/20/1972,330.11
5/27/1972,330.21
6/3/1972,329.71
6/10/1972,329.15
6/17/1972,329.04
6/24/1972,328.52
7/1/1972,328.63
7/8/1972,328.31
7/15/1972,327.72
7/22/1972,328.14
7/29/1972,327.51
8/5/1972,326.92
8/12/1972,326.66
8/19/1972,326.57
8/26/1972,325.05
9/2/1972,325.4
9/9/1972,325.77
9/16/1972,324.81
9/23/1972,324.26
9/30/1972,324.23
10/7/1972,324.88
10/14/1972,325.52
10/21/1972,325.11
10/28/1972,325.86
11/4/1972,326.33
11/11/1972,326.13
11/18/1972,326.44
11/25/1972,326.98
12/2/1972,326.94
12/9/1972,327.17
12/16/1972,327.6
12/23/1972,327.91
12/30/1972,328.26
1/6/1973,328.4
1/13/1973,328.44
1/20/1973,328.66
1/27/1973,328.86
2/3/1973,329.19
2/10/1973,329.54
2/17/1973,329.68
2/24/1973,329.7
3/3/1973,329.95
3/10/1973,330.11
3/17/1973,330.55
3/24/1973,330.84
3/31/1973,330.69
4/7/1973,331.23
4/14/1973,331.1
4/21/1973,331.94
4/28/1973,332.16
5/5/1973,332.21
5/12/1973,332.35
5/19/1973,332.63
5/26/1973,332.58
6/2/1973,332.27
6/9/1973,332.58
6/16/1973,332.03
6/23/1973,331.63
6/30/1973,331.43
7/7/1973,331.54
7/14/1973,331.07
7/21/1973,330.08
7/28/1973,330.13
8/4/1973,330.05
8/11/1973,329.54
8/18/1973,329.36
8/25/1973,328.53
9/1/1973,328.46
9/8/1973,327.65
9/15/1973,327.81
9/22/1973,327.11
9/29/1973,326.61
10/6/1973,327.06
10/13/1973,327.41
10/20/1973,327.48
10/27/1973,327.19
11/3/1973,327.6
11/10/1973,328.02
11/17/1973,328.2
11/24/1973,328.57
12/1/1973,329.06
12/8/1973,328.71
12/15/1973,328.66
12/22/1973,328.25
12/29/1973,328.71
1/5/1974,328.92
1/12/1974,329.29
1/19/1974,329.42
1/26/1974,329.85
2/2/1974,330.54
2/9/1974,330.81
2/16/1974,330.62
2/23/1974,330.69
3/2/1974,330.8
3/9/1974,331.21
3/16/1974,332.12
3/23/1974,332
3/30/1974,331.57
4/6/1974,332.48
4/13/1974,332.15
4/20/1974,332.93
4/27/1974,333.17
5/4/1974,332.95
5/11/1974,333.09
5/18/1974,333.28
5/25/1974,332.88
6/1/1974,332.94
6/8/1974,332.04
6/15/1974,332.04
6/22/1974,332.27
6/29/1974,331.74
7/6/1974,331.74
7/13/1974,331.3
7/20/1974,330.48
7/27/1974,331.02
8/3/1974,330.1
8/10/1974,329.93
8/17/1974,329.3
8/24/1974,328.97
8/31/1974,328.19
9/7/1974,328.04
9/14/1974,327.36
9/21/1974,326.92
9/28/1974,327.39
10/5/1974,327.4
10/12/1974,327.07
10/19/1974,327.57
10/26/1974,327.71
11/2/1974,328
11/9/1974,328.1
11/16/1974,328.83
11/23/1974,328.65
11/30/1974,328.76
12/7/1974,329.51
12/14/1974,329.73
12/21/1974,329.83
12/28/1974,329.79
1/4/1975,329.94
1/11/1975,329.83
1/18/1975,330.28
1/25/1975,331.14
2/1/1975,331.19
2/8/1975,331.48
2/15/1975,331.01
2/22/1975,331.73
3/1/1975,331.89
3/8/1975,331.62
3/15/1975,331.97
3/22/1975,332.28
3/29/1975,332.59
4/5/1975,333.04
4/12/1975,333.59
4/19/1975,333.55
4/26/1975,333.14
5/3/1975,333.95
5/10/1975,333.94
5/17/1975,333.77
5/24/1975,333.74
5/31/1975,334.14
6/7/1975,333.88
6/14/1975,333.39
6/21/1975,333.46
6/28/1975,333.2
7/5/1975,332.72
7/12/1975,332.06
7/19/1975,331.06
7/26/1975,331.58
8/2/1975,330.84
8/9/1975,330.71
8/16/1975,330.36
8/23/1975,329.31
8/30/1975,328.89
9/6/1975,329.46
9/13/1975,328.53
9/20/1975,328.1
9/27/1975,328.29
10/4/1975,328.04
10/11/1975,328.06
10/18/1975,328.58
10/25/1975,328.82
11/1/1975,329.36
11/8/1975,329.21
11/15/1975,329.18
11/22/1975,329.55
11/29/1975,330.15
12/6/1975,330.36
12/13/1975,330.55
12/20/1975,331.14
12/27/1975,331.3
1/3/1976,331.58
1/10/1976,331.52
1/17/1976,331.75
1/24/1976,331.88
1/31/1976,332.29
2/7/1976,332.2
2/14/1976,332.53
2/21/1976,333.27
2/28/1976,332.49
3/6/1976,332.82
3/13/1976,333.61
3/20/1976,333.15
3/27/1976,334.4
4/3/1976,334.74
4/10/1976,334.27
4/17/1976,334.43
4/24/1976,334.55
5/1/1976,334.75
5/8/1976,334.34
5/15/1976,334.61
5/22/1976,335.44
5/29/1976,334.88
6/5/1976,334.37
6/12/1976,334.64
6/19/1976,334.33
7/3/1976,333.67
7/10/1976,333.43
7/17/1976,332.86
7/24/1976,332.48
7/31/1976,332.14
8/7/1976,331.73
8/14/1976,330.66
8/21/1976,330.7
8/28/1976,330.1
9/4/1976,329.76
9/11/1976,330.1
9/18/1976,329.34
9/25/1976,328.43
10/2/1976,328.86
10/9/1976,329.07
10/16/1976,329.61
10/23/1976,329.18
10/30/1976,329.04
11/6/1976,329.85
11/13/1976,330.44
11/20/1976,330.6
11/27/1976,330.71
12/4/1976,331.16
12/11/1976,331.34
12/18/1976,331.93
12/25/1976,332.21
1/1/1977,332.59
1/8/1977,332.44
1/15/1977,333.15
1/22/1977,333.25
1/29/1977,333.23
2/5/1977,333.42
2/12/1977,333.34
2/19/1977,333.46
2/26/1977,333.64
3/5/1977,334.11
3/12/1977,334.68
3/19/1977,335.12
3/26/1977,335.03
4/2/1977,335.54
4/9/1977,335.95
4/16/1977,336.02
4/23/1977,336.13
4/30/1977,336.79
5/7/1977,336.81
5/14/1977,336.48
5/21/1977,336.85
5/28/1977,336.73
6/4/1977,336.5
6/11/1977,336.32
6/18/1977,336.2
6/25/1977,336.04
7/2/1977,335.6
7/9/1977,335.11
7/16/1977,335.12
7/23/1977,334.61
7/30/1977,333.77
8/6/1977,333.02
8/13/1977,332.99
8/20/1977,332.85
8/27/1977,332.86
9/3/1977,332.18
9/10/1977,331.22
9/17/1977,332.11
9/24/1977,330.97
10/1/1977,330.46
10/8/1977,330.96
10/15/1977,331.53
10/22/1977,331.53
10/29/1977,331.75
11/5/1977,332.14
11/12/1977,332.04
11/19/1977,332.6
11/26/1977,332.86
12/3/1977,333.21
12/10/1977,333.52
12/17/1977,333.86
12/24/1977,334.26
12/31/1977,334.68
1/7/1978,334.28
1/14/1978,334.64
1/21/1978,335.47
1/28/1978,335.95
2/4/1978,335.01
2/11/1978,335.14
2/18/1978,335.67
2/25/1978,335.71
3/4/1978,336.28
3/11/1978,336.11
3/18/1978,336.81
3/25/1978,337.4
4/1/1978,337.09
4/8/1978,338
4/15/1978,337.95
4/22/1978,337.48
4/29/1978,338.06
5/6/1978,338.08
5/13/1978,338.11
5/20/1978,337.83
5/27/1978,337.91
6/3/1978,338.49
6/10/1978,338.24
6/17/1978,337.87
6/24/1978,337.4
7/1/1978,337.7
7/8/1978,336.8
7/15/1978,336.73
7/22/1978,335.96
7/29/1978,335.7
8/5/1978,335.18
8/12/1978,334.85
8/19/1978,334.42
8/26/1978,334.38
9/2/1978,333.89
9/9/1978,332.89
9/16/1978,332.2
9/23/1978,332.39
9/30/1978,332.77
10/7/1978,332.11
10/14/1978,332.46
10/21/1978,333.03
10/28/1978,333.19
11/4/1978,333.59
11/11/1978,333.86
11/18/1978,333.89
11/25/1978,334.21
12/2/1978,334.53
12/9/1978,334.81
12/16/1978,335.16
12/23/1978,335.13
12/30/1978,335.33
1/6/1979,335.37
1/13/1979,335.98
1/20/1979,336.86
1/27/1979,336.96
2/3/1979,336.91
2/10/1979,336.55
2/17/1979,336.72
2/24/1979,336.8
3/3/1979,337.13
3/10/1979,337.8
3/17/1979,337.44
3/24/1979,339.03
3/31/1979,338.81
4/7/1979,338.18
4/14/1979,338.67
4/21/1979,339.26
4/28/1979,339.61
5/5/1979,339.31
5/12/1979,338.89
5/19/1979,339.87
5/26/1979,339.63
6/2/1979,339.94
6/9/1979,339.53
6/16/1979,338.91
6/23/1979,338.96
6/30/1979,339.01
7/7/1979,338.29
7/14/1979,337.83
7/21/1979,337.38
7/28/1979,336.85
8/4/1979,337.04
8/11/1979,336.6
8/18/1979,336.19
8/25/1979,334.57
9/1/1979,334.47
9/8/1979,334.02
9/15/1979,334.22
9/22/1979,333.29
9/29/1979,334.12
10/6/1979,334.12
10/13/1979,333.98
10/20/1979,333.75
10/27/1979,334.17
11/3/1979,334.74
11/10/1979,334.87
11/17/1979,335.6
11/24/1979,335.69
12/1/1979,336
12/8/1979,336.52
12/15/1979,336.78
12/22/1979,336.9
12/29/1979,337.41
1/5/1980,337.68
1/12/1980,337.5
1/19/1980,338.4
1/26/1980,338.51
2/2/1980,338.06
2/9/1980,338.15
2/16/1980,338.69
2/23/1980,338.27
3/1/1980,339.32
3/8/1980,339.56
3/15/1980,340.03
3/22/1980,340.56
3/29/1980,341.02
4/5/1980,340.42
4/12/1980,340.97
4/19/1980,340.76
4/26/1980,341.08
5/3/1980,341.53
5/10/1980,341.32
5/17/1980,341.39
5/24/1980,340.94
5/31/1980,341.74
6/7/1980,341.39
6/14/1980,341.4
6/21/1980,340.88
6/28/1980,340.41
7/5/1980,340.45
7/12/1980,339.79
7/19/1980,338.53
7/26/1980,338.94
8/2/1980,337.99
8/9/1980,337.78
8/16/1980,337.77
8/23/1980,337.81
8/30/1980,337.03
9/6/1980,336.67
9/13/1980,335.77
9/20/1980,335.3
9/27/1980,336.05
10/4/1980,335.84
10/11/1980,335.88
10/18/1980,336.12
10/25/1980,336.43
11/1/1980,336.67
11/8/1980,337
11/15/1980,337.16
11/22/1980,337.32
11/29/1980,337.43
12/6/1980,337.79
12/13/1980,338.12
12/20/1980,338.41
12/27/1980,338.74
1/3/1981,338.95
1/10/1981,339.15
1/17/1981,339.41
1/24/1981,339.37
1/31/1981,339.57
2/7/1981,340.59
2/14/1981,340.06
2/21/1981,340.22
2/28/1981,341.12
3/7/1981,340.75
3/14/1981,341.06
3/21/1981,341.91
3/28/1981,342.21
4/4/1981,342.44
4/11/1981,342.51
4/18/1981,342.8
4/25/1981,342.32
5/2/1981,342.96
5/9/1981,343.02
5/16/1981,342.82
5/23/1981,342.72
5/30/1981,342.77
6/6/1981,342.66
6/13/1981,342.56
6/20/1981,341.83
6/27/1981,341.66
7/4/1981,341.07
7/11/1981,340.89
7/18/1981,339.78
7/25/1981,340.23
8/1/1981,339.58
8/8/1981,338.94
8/15/1981,338.5
8/22/1981,337.59
8/29/1981,337.75
9/5/1981,337.22
9/12/1981,337.05
9/19/1981,336.77
9/26/1981,335.97
10/3/1981,336.32
10/10/1981,336.67
10/17/1981,337.15
10/24/1981,337.24
10/31/1981,337.58
11/7/1981,337.89
11/14/1981,338.16
11/21/1981,338.59
11/28/1981,339.32
12/5/1981,339.31
12/12/1981,339.43
12/19/1981,339.67
12/26/1981,340.25
1/2/1982,340.3
1/9/1982,340.41
1/16/1982,340.74
1/23/1982,341.15
1/30/1982,341.31
2/6/1982,341.96
2/13/1982,341.13
2/20/1982,341.16
2/27/1982,342.21
3/6/1982,342.68
3/13/1982,342.63
3/20/1982,342.8
3/27/1982,342.83
4/3/1982,342.98
4/10/1982,343.32
4/17/1982,343.52
4/24/1982,344.31
5/1/1982,343.85
5/8/1982,343.7
5/15/1982,344.31
5/22/1982,344.12
5/29/1982,344.12
6/5/1982,343.5
6/12/1982,343.52
6/19/1982,343.48
6/26/1982,342.93
7/3/1982,342.55
7/10/1982,342.05
7/17/1982,342.04
7/24/1982,341.83
7/31/1982,341.33
8/7/1982,340.59
8/14/1982,340.08
8/21/1982,339.73
8/28/1982,338.34
9/4/1982,338.9
9/11/1982,338.63
9/18/1982,337.86
9/25/1982,336.94
10/2/1982,337.34
10/9/1982,338.11
10/16/1982,337.62
10/23/1982,337.96
10/30/1982,338.72
11/6/1982,338.51
11/13/1982,339.22
11/20/1982,339.74
11/27/1982,339.9
12/4/1982,339.88
12/11/1982,340.45
12/18/1982,340.73
12/25/1982,340.84
1/1/1983,340.96
1/8/1983,341.46
1/15/1983,341.59
1/22/1983,341.27
1/29/1983,341.74
2/5/1983,342.02
2/12/1983,342.79
2/19/1983,342.52
2/26/1983,342.86
3/5/1983,342.4
3/12/1983,342.6
3/19/1983,344.08
3/26/1983,343.83
4/2/1983,344.04
4/9/1983,344.91
4/16/1983,345.09
4/23/1983,345.34
4/30/1983,345.48
5/7/1983,345.45
5/14/1983,345.79
5/21/1983,345.87
5/28/1983,345.78
6/4/1983,345.7
6/11/1983,345.62
6/18/1983,345.06
6/25/1983,344.99
7/2/1983,344.76
7/9/1983,344.61
7/16/1983,343.75
7/23/1983,343.68
7/30/1983,342.62
8/6/1983,343.07
8/13/1983,341.72
8/20/1983,342.16
8/27/1983,341.82
9/3/1983,339.96
9/10/1983,340.01
9/17/1983,339.88
9/24/1983,340
10/1/1983,339.89
10/8/1983,339.77
10/15/1983,340.13
10/22/1983,340.26
10/29/1983,340.38
11/5/1983,340.81
11/12/1983,341.01
11/19/1983,341.18
11/26/1983,341.7
12/3/1983,341.87
12/10/1983,342.85
12/17/1983,343.39
12/24/1983,343.6
12/31/1983,343.46
1/7/1984,343.91
1/14/1984,343.59
1/21/1984,343.62
1/28/1984,344.28
2/4/1984,344.47
2/11/1984,344.69
2/18/1984,344.44
2/25/1984,344.8
3/3/1984,344.99
3/10/1984,345.06
3/17/1984,345.56
3/24/1984,345.79
4/28/1984,347.57
5/5/1984,347.58
5/12/1984,347.87
5/19/1984,347.45
5/26/1984,347.12
6/2/1984,347.18
6/9/1984,347.1
6/16/1984,346.97
6/23/1984,346.45
6/30/1984,346.32
7/7/1984,345.9
7/14/1984,345.55
7/21/1984,345.32
7/28/1984,344.55
8/4/1984,344.12
8/11/1984,344.19
8/18/1984,343.25
8/25/1984,342.11
9/1/1984,341.71
9/8/1984,340.71
9/15/1984,341.43
9/22/1984,341.37
9/29/1984,340.9
10/6/1984,341.24
10/13/1984,341.35
10/20/1984,341.96
10/27/1984,341.72
11/3/1984,342.06
11/10/1984,342.69
11/17/1984,343.18
11/24/1984,343.79
12/1/1984,343.64
12/8/1984,343.98
12/15/1984,344.26
12/22/1984,344.61
12/29/1984,344.6
1/5/1985,344.8
1/12/1985,345.03
1/19/1985,345.03
1/26/1985,345.1
2/2/1985,345.97
2/9/1985,345.56
2/16/1985,345.84
2/23/1985,346.38
3/2/1985,346.78
3/9/1985,347.12
3/16/1985,347.59
3/23/1985,347.71
3/30/1985,348.27
4/6/1985,348.04
4/13/1985,348.08
4/20/1985,348.52
4/27/1985,348.83
5/4/1985,348.89
5/11/1985,349.3
5/18/1985,349.17
5/25/1985,348.17
6/1/1985,349.04
6/8/1985,348.48
6/15/1985,348.22
6/22/1985,347.88
6/29/1985,347.45
7/6/1985,346.88
7/13/1985,346.78
7/20/1985,346.4
7/27/1985,345.76
8/10/1985,344.67
8/17/1985,344.47
8/24/1985,344.35
8/31/1985,343.73
9/7/1985,344.26
9/14/1985,343.34
9/21/1985,342.43
9/28/1985,342.1
10/5/1985,342.37
10/12/1985,342.48
10/19/1985,343.11
10/26/1985,343.2
11/2/1985,343.36
11/9/1985,343.75
11/16/1985,344.22
11/23/1985,344.62
11/30/1985,345.27
12/7/1985,345.34
12/14/1985,345.65
12/21/1985,345.15
12/28/1985,346.28
1/4/1986,346.42
1/11/1986,346.07
1/18/1986,346.23
1/25/1986,346.44
2/1/1986,346.2
2/8/1986,346.82
2/15/1986,347.16
2/22/1986,347.18
3/1/1986,347.04
3/8/1986,346.63
3/15/1986,347.2
3/22/1986,349.13
3/29/1986,348.85
4/5/1986,349.19
4/12/1986,349.42
4/19/1986,349.32
4/26/1986,350.18
5/3/1986,349.97
5/10/1986,350.12
5/17/1986,350.21
5/24/1986,350.11
5/31/1986,350.16
6/7/1986,349.71
6/14/1986,349.52
6/21/1986,349.46
6/28/1986,348.9
7/5/1986,348.67
7/12/1986,347.75
7/19/1986,347.59
7/26/1986,347.39
8/2/1986,346.63
8/9/1986,346.21
8/16/1986,345.57
8/23/1986,345.6
8/30/1986,345.25
9/6/1986,345.03
9/13/1986,345.3
9/20/1986,344.41
9/27/1986,344.49
10/4/1986,343.97
10/11/1986,344.1
10/18/1986,343.98
10/25/1986,344.55
11/1/1986,345.15
11/8/1986,345.33
11/15/1986,345.61
11/22/1986,345.7
11/29/1986,346.39
12/6/1986,346.9
12/13/1986,346.75
12/20/1986,346.95
12/27/1986,347.06
1/3/1987,347.6
1/10/1987,348.35
1/17/1987,348.25
1/24/1987,347.94
1/31/1987,348.01
2/7/1987,347.89
2/14/1987,348.24
2/21/1987,348.53
2/28/1987,349.46
3/7/1987,348.83
3/14/1987,349.26
3/21/1987,349.78
3/28/1987,350.19
4/4/1987,350.81
4/11/1987,350.26
4/18/1987,351.18
4/25/1987,351.38
5/2/1987,351.42
5/9/1987,351.99
5/16/1987,351.71
5/23/1987,351.9
5/30/1987,351.77
6/6/1987,351.64
6/13/1987,351.16
6/20/1987,350.99
6/27/1987,350.93
7/4/1987,349.75
7/11/1987,349.83
7/18/1987,348.86
7/25/1987,349.5
8/1/1987,349.03
8/8/1987,348.14
8/15/1987,348.61
8/22/1987,348
8/29/1987,346.7
9/5/1987,347.04
9/12/1987,346.64
9/19/1987,346.28
9/26/1987,345.84
10/3/1987,345.5
10/10/1987,346.07
10/17/1987,346.32
10/24/1987,346.53
10/31/1987,346.64
11/7/1987,347.07
11/14/1987,347.38
11/21/1987,347.89
11/28/1987,348.48
12/5/1987,348.39
12/12/1987,348.55
12/19/1987,348.85
12/26/1987,349.02
1/2/1988,349.51
1/9/1988,350.01
1/16/1988,349.94
1/23/1988,350.52
1/30/1988,350.95
2/6/1988,351.54
2/13/1988,351.04
2/20/1988,351.27
2/27/1988,352.29
3/5/1988,352.62
3/12/1988,351.62
3/19/1988,351.52
3/26/1988,351.97
4/2/1988,352.87
4/9/1988,353.31
4/16/1988,352.89
4/23/1988,353.75
4/30/1988,353.98
5/7/1988,353.51
5/14/1988,354.05
5/21/1988,354.27
5/28/1988,353.95
6/4/1988,353.93
6/11/1988,353.95
6/18/1988,353.36
6/25/1988,352.95
7/2/1988,352.84
7/9/1988,352.32
7/16/1988,352.41
7/23/1988,351.72
7/30/1988,350.89
8/6/1988,350.71
8/13/1988,350.06
8/20/1988,350.26
8/27/1988,349.38
9/3/1988,349.15
9/10/1988,348.5
9/17/1988,348.72
9/24/1988,347.96
10/1/1988,348.59
10/8/1988,348.65
10/15/1988,348.46
10/22/1988,349.2
10/29/1988,349.07
11/5/1988,349.56
11/12/1988,349.67
11/19/1988,349.96
11/26/1988,350.26
12/3/1988,350.28
12/10/1988,350.8
12/17/1988,351.38
12/24/1988,351.14
12/31/1988,352.19
1/7/1989,352.56
1/14/1989,352.76
1/21/1989,352.3
1/28/1989,352.85
2/4/1989,352.62
2/11/1989,352.43
2/18/1989,353.01
2/25/1989,353.27
3/4/1989,352.97
3/11/1989,353.26
3/18/1989,353.35
3/25/1989,354.28
4/1/1989,354.36
4/8/1989,354.85
4/15/1989,355.21
4/22/1989,355.81
4/29/1989,355.7
5/6/1989,355.16
5/13/1989,355.62
5/20/1989,355.44
5/27/1989,355.56
6/3/1989,355.6
6/10/1989,354.89
6/17/1989,354.67
6/24/1989,354.7
7/1/1989,354.3
7/8/1989,354.56
7/15/1989,353.65
7/22/1989,352.99
7/29/1989,353.01
8/5/1989,352.42
8/12/1989,352.04
8/19/1989,350.96
8/26/1989,350.23
9/2/1989,350.59
9/9/1989,350.08
9/16/1989,349.21
9/23/1989,349.11
9/30/1989,349.51
10/7/1989,349.77
10/14/1989,349.54
10/21/1989,350.04
10/28/1989,350.27
11/4/1989,350.46
11/11/1989,351.09
11/18/1989,351.4
11/25/1989,351.26
12/2/1989,351.89
12/9/1989,351.96
12/16/1989,352.28
12/23/1989,352.39
12/30/1989,353.24
1/6/1990,353.27
1/13/1990,353.35
1/20/1990,353.6
1/27/1990,353.76
2/3/1990,353.93
2/10/1990,354.82
2/17/1990,354.67
2/24/1990,354.59
3/3/1990,355.52
3/10/1990,354.79
3/17/1990,355.64
3/24/1990,354.97
3/31/1990,355.75
4/7/1990,355.97
4/14/1990,355.7
4/21/1990,356.48
4/28/1990,355.98
5/5/1990,357.1
5/12/1990,356.9
5/19/1990,356.79
5/26/1990,356.93
6/2/1990,356.82
6/9/1990,356.44
6/16/1990,355.49
6/23/1990,355.33
6/30/1990,355.6
7/7/1990,355.32
7/14/1990,353.81
7/21/1990,354.39
7/28/1990,354.53
8/4/1990,353.36
8/11/1990,353.04
8/18/1990,352.73
8/25/1990,351.81
9/1/1990,350.8
9/8/1990,350.56
9/15/1990,351.14
9/22/1990,350.78
9/29/1990,350.73
10/6/1990,350.91
10/13/1990,350.89
10/20/1990,351.28
10/27/1990,351.28
11/3/1990,351.93
11/10/1990,352.43
11/17/1990,352.85
11/24/1990,352.99
12/1/1990,353.42
12/8/1990,353.88
12/15/1990,353.67
12/22/1990,354.31
12/29/1990,354.7
1/5/1991,354.08
1/12/1991,354.53
1/19/1991,354.67
1/26/1991,354.85
2/2/1991,355.03
2/9/1991,355.03
2/16/1991,356.21
2/23/1991,355.64
3/2/1991,356.21
3/9/1991,357.01
3/16/1991,357.49
3/23/1991,356.76
3/30/1991,357.74
4/6/1991,358.12
4/13/1991,357.64
4/20/1991,358.99
4/27/1991,359.04
5/4/1991,358.91
5/11/1991,358.74
5/18/1991,359.83
5/25/1991,358.88
6/1/1991,358.32
6/8/1991,358.26
6/15/1991,358.02
6/22/1991,357.93
6/29/1991,357.54
7/6/1991,357.07
7/13/1991,356.35
7/20/1991,355.06
7/27/1991,355.11
8/3/1991,354.69
8/10/1991,354.4
8/17/1991,353.58
8/24/1991,352.87
8/31/1991,353.02
9/7/1991,352.86
9/14/1991,351.93
9/21/1991,351.64
9/28/1991,351.49
10/5/1991,351.51
10/12/1991,351.99
10/19/1991,352.34
10/26/1991,352.52
11/2/1991,353.27
11/9/1991,353.56
11/16/1991,353.36
11/23/1991,353.66
11/30/1991,354.15
12/7/1991,354.34
12/14/1991,354.77
12/21/1991,355.02
12/28/1991,355.3
1/4/1992,355.49
1/11/1992,355.87
1/18/1992,355.99
1/25/1992,355.76
2/1/1992,355.85
2/8/1992,356.53
2/15/1992,357.13
2/22/1992,356.8
2/29/1992,356.38
3/7/1992,357.1
3/14/1992,357.6
3/21/1992,357.98
3/28/1992,358.22
4/4/1992,358.37
4/11/1992,358.79
4/18/1992,359.55
4/25/1992,359.05
5/2/1992,359.49
5/9/1992,359.53
5/16/1992,358.4
5/23/1992,359.45
5/30/1992,360.05
6/6/1992,359.83
6/13/1992,359.28
6/20/1992,358.55
6/27/1992,358.25
7/4/1992,358.27
7/11/1992,357
7/18/1992,356.17
7/25/1992,355.9
8/1/1992,354.79
8/8/1992,355.13
8/15/1992,355.12
8/22/1992,354.39
8/29/1992,354.14
9/5/1992,353.33
9/12/1992,353.46
9/19/1992,352.17
9/26/1992,352.55
10/3/1992,353.4
10/10/1992,353.18
10/17/1992,353.04
10/24/1992,353.31
10/31/1992,353.36
11/7/1992,353.79
11/14/1992,353.66
11/21/1992,354.37
11/28/1992,354.44
12/5/1992,354.65
12/12/1992,355.17
12/19/1992,355.26
12/26/1992,355.77
1/2/1993,356.09
1/9/1993,356.76
1/16/1993,356.52
1/23/1993,356.46
1/30/1993,356.83
2/6/1993,356.42
2/13/1993,357.03
2/20/1993,357.16
2/27/1993,357.48
3/6/1993,358.19
3/13/1993,358.32
3/20/1993,357.93
3/27/1993,358.65
4/3/1993,358.97
4/10/1993,358.67
4/17/1993,359.22
4/24/1993,359.83
5/1/1993,359.42
5/8/1993,359.58
5/15/1993,360.5
5/22/1993,360.42
5/29/1993,360.15
6/5/1993,359.59
6/12/1993,359.72
6/19/1993,359.14
6/26/1993,358.96
7/3/1993,357.72
7/10/1993,357.82
7/17/1993,357.91
7/24/1993,356.5
7/31/1993,356.33
8/7/1993,355.69
8/14/1993,355.76
8/21/1993,354.71
8/28/1993,354.53
9/4/1993,354.11
9/11/1993,353.04
9/18/1993,353.62
9/25/1993,353.67
10/2/1993,353.61
10/9/1993,353.68
10/16/1993,353.81
10/23/1993,354.26
10/30/1993,354.19
11/6/1993,354.59
11/13/1993,354.97
11/20/1993,355.46
11/27/1993,355.84
12/4/1993,356.08
12/11/1993,356.34
12/18/1993,356.81
12/25/1993,357.32
1/1/1994,357.96
1/8/1994,357.94
1/15/1994,358.25
1/22/1994,358.15
1/29/1994,358.6
2/5/1994,358.31
2/12/1994,358.43
2/19/1994,358.84
2/26/1994,359.46
3/5/1994,358.59
3/12/1994,359.68
3/19/1994,360.31
3/26/1994,360.65
4/2/1994,360.5
4/9/1994,360.84
4/16/1994,360.89
4/23/1994,361.17
4/30/1994,362.08
5/7/1994,361.46
5/14/1994,361.25
5/21/1994,361.61
5/28/1994,361.74
6/4/1994,360.87
6/11/1994,360.9
6/18/1994,360.76
6/25/1994,360.53
7/2/1994,360.05
7/9/1994,359.73
7/16/1994,359.26
7/23/1994,358.83
7/30/1994,358.64
8/6/1994,357.93
8/13/1994,357.35
8/20/1994,357.46
8/27/1994,356.22
9/3/1994,356.27
9/10/1994,356.3
9/17/1994,355.29
9/24/1994,355.34
10/1/1994,355.29
10/8/1994,355.65
10/15/1994,355.92
10/22/1994,356.23
10/29/1994,356.45
11/5/1994,356.81
11/12/1994,357.24
11/19/1994,357.77
11/26/1994,357.95
12/3/1994,358.27
12/10/1994,358.97
12/17/1994,359.09
12/24/1994,358.99
12/31/1994,359.36
1/7/1995,359.52
1/14/1995,360.12
1/21/1995,359.96
1/28/1995,359.88
2/4/1995,360.51
2/11/1995,360.93
2/18/1995,360.72
2/25/1995,361.2
3/4/1995,362.05
3/11/1995,361.08
3/18/1995,360.84
3/25/1995,361.85
4/1/1995,363.65
4/8/1995,363.29
4/15/1995,363.19
4/22/1995,362.74
4/29/1995,363.43
5/6/1995,363.09
5/13/1995,363.96
5/20/1995,364.03
5/27/1995,363.32
6/3/1995,363.77
6/10/1995,363.32
6/17/1995,362.81
6/24/1995,362.66
7/1/1995,362.38
7/8/1995,362.12
7/15/1995,361.83
7/22/1995,361.43
7/29/1995,360.83
8/5/1995,360.3
8/12/1995,359.06
8/19/1995,358.57
8/26/1995,359.15
9/2/1995,357.23
9/9/1995,358.36
9/16/1995,358.44
9/23/1995,358.06
9/30/1995,357.42
10/7/1995,357.51
10/14/1995,357.46
10/21/1995,357.9
10/28/1995,358.09
11/4/1995,359.05
11/11/1995,359.29
11/18/1995,359.55
11/25/1995,359.73
12/2/1995,359.99
12/9/1995,360.29
12/16/1995,360.39
12/23/1995,360.75
12/30/1995,361.59
1/6/1996,361.67
1/13/1996,361.92
1/20/1996,362.03
1/27/1996,362.09
2/3/1996,362.54
2/10/1996,362.99
2/17/1996,362.87
2/24/1996,363.89
3/2/1996,363.7
3/9/1996,363.53
3/16/1996,363.96
3/23/1996,364.4
3/30/1996,364.21
4/6/1996,364.44
4/13/1996,364.76
4/20/1996,364.27
4/27/1996,365
5/4/1996,364.79
5/11/1996,365.24
5/18/1996,365.61
5/25/1996,365.3
6/1/1996,364.73
6/8/1996,365.06
6/15/1996,365.14
6/22/1996,364.87
6/29/1996,364.17
7/6/1996,364.06
7/13/1996,363.62
7/20/1996,363.25
7/27/1996,362.71
8/3/1996,361.65
8/10/1996,361.97
8/17/1996,361.16
8/24/1996,360.72
8/31/1996,360.69
9/7/1996,359.73
9/14/1996,359.69
9/21/1996,358.96
9/28/1996,358.92
10/5/1996,359.32
10/12/1996,359.39
10/19/1996,359.74
10/26/1996,359.74
11/2/1996,359.81
11/9/1996,360.4
11/16/1996,360.67
11/23/1996,361.12
11/30/1996,361.28
12/7/1996,361.85
12/14/1996,362.56
12/21/1996,362.35
12/28/1996,362.5
1/4/1997,362.83
1/11/1997,362.88
1/18/1997,363.04
1/25/1997,363.39
2/1/1997,363.16
2/8/1997,364.07
2/15/1997,363.9
2/22/1997,364.12
3/1/1997,364.38
3/8/1997,364.04
3/15/1997,364.07
3/22/1997,364.63
3/29/1997,365.31
4/5/1997,365.68
4/12/1997,366.13
4/19/1997,366.57
4/26/1997,366.67
5/3/1997,366.64
5/10/1997,366.68
5/17/1997,366.91
5/24/1997,366.49
5/31/1997,366.24
6/7/1997,365.6
6/14/1997,365.49
6/21/1997,365.42
6/28/1997,365.05
7/5/1997,364.98
7/12/1997,364.56
7/19/1997,364
7/26/1997,363.69
8/2/1997,363.28
8/9/1997,363.25
8/16/1997,362.52
8/23/1997,361.4
8/30/1997,361.55
9/6/1997,360.58
9/13/1997,360.15
9/20/1997,359.97
9/27/1997,359.7
10/4/1997,360.43
10/11/1997,360.38
10/18/1997,360.96
10/25/1997,361.02
11/1/1997,361.6
11/8/1997,362.08
11/15/1997,361.95
11/22/1997,362.54
11/29/1997,363.4
12/6/1997,363.86
12/13/1997,363.84
12/20/1997,364.16
12/27/1997,364.98
1/3/1998,365.13
1/10/1998,365.19
1/17/1998,365.24
1/24/1998,365.27
1/31/1998,365.58
2/7/1998,365.95
2/14/1998,365.41
2/21/1998,365.97
2/28/1998,367.25
3/7/1998,366.91
3/14/1998,366.55
3/21/1998,367.38
3/28/1998,368.46
4/4/1998,368.58
4/11/1998,368.57
4/18/1998,367.94
4/25/1998,368.79
5/2/1998,369.06
5/9/1998,368.72
5/16/1998,368.4
5/23/1998,369.55
5/30/1998,369.59
6/6/1998,369.3
6/13/1998,368.77
6/20/1998,368.43
6/27/1998,368.25
7/4/1998,367.94
7/11/1998,367.43
7/18/1998,367.56
7/25/1998,367.26
8/1/1998,366.77
8/8/1998,366.36
8/15/1998,365.54
8/22/1998,365.53
8/29/1998,364.15
9/5/1998,364.64
9/12/1998,363.86
9/19/1998,363.4
9/26/1998,363.5
10/3/1998,363.91
10/10/1998,364.07
10/17/1998,364.36
10/24/1998,364.39
10/31/1998,364.6
11/7/1998,364.95
11/14/1998,365.38
11/21/1998,365.7
11/28/1998,365.9
12/5/1998,366.36
12/12/1998,366.64
12/19/1998,367.2
12/26/1998,367.28
1/2/1999,367.48
1/9/1999,367.77
1/16/1999,367.7
1/23/1999,368.23
1/30/1999,369.15
2/6/1999,369.09
2/13/1999,368.8
2/20/1999,368.95
2/27/1999,368.42
3/6/1999,368.03
3/13/1999,369.48
3/20/1999,370.17
3/27/1999,370.55
4/3/1999,371.01
4/10/1999,371.49
4/17/1999,370.97
4/24/1999,370.22
5/1/1999,370.72
5/8/1999,371.23
5/15/1999,370.99
5/22/1999,370.79
5/29/1999,370.31
6/5/1999,370.88
6/12/1999,370.23
6/19/1999,369.87
6/26/1999,369.87
7/3/1999,369.39
7/10/1999,370.05
7/17/1999,369.44
7/24/1999,368.56
7/31/1999,367.38
8/7/1999,367.55
8/14/1999,366.67
8/21/1999,366.35
8/28/1999,366.07
9/4/1999,364.12
9/11/1999,364.66
9/18/1999,365.16
9/25/1999,364.64
10/2/1999,364.53
10/9/1999,365.02
10/16/1999,364.85
10/23/1999,365.61
10/30/1999,365.72
11/6/1999,366.14
11/13/1999,366.66
11/20/1999,366.65
11/27/1999,367.1
12/4/1999,367.38
12/11/1999,368.01
12/18/1999,367.96
12/25/1999,368.18
1/1/2000,368.65
1/8/2000,368.54
1/15/2000,369.03
1/22/2000,369.84
1/29/2000,369.26
2/5/2000,369.09
2/12/2000,369.57
2/19/2000,369.36
2/26/2000,369.52
3/4/2000,370.02
3/11/2000,370
3/18/2000,370.89
3/25/2000,370.77
4/1/2000,370.95
4/8/2000,371.72
4/15/2000,371.82
4/22/2000,372.01
4/29/2000,371.28
5/6/2000,371.27
5/13/2000,371.74
5/20/2000,371.92
5/27/2000,371.82
6/3/2000,371.89
6/10/2000,371.62
6/17/2000,371.73
6/24/2000,371.32
7/1/2000,370.87
7/8/2000,370.08
7/15/2000,370.2
7/22/2000,369.76
7/29/2000,369.01
8/5/2000,368.77
8/12/2000,368.37
8/19/2000,367.69
8/26/2000,367.16
9/2/2000,367.19
9/9/2000,366.75
9/16/2000,366.26
9/23/2000,366.25
9/30/2000,366.45
10/7/2000,366.33
10/14/2000,366.66
10/21/2000,366.7
10/28/2000,367.37
11/4/2000,367.69
11/11/2000,368.02
11/18/2000,368.67
11/25/2000,368.33
12/2/2000,369.01
12/9/2000,369.66
12/16/2000,369.32
12/23/2000,369.56
12/30/2000,369.82
1/6/2001,369.86
1/13/2001,370.27
1/20/2001,370.01
1/27/2001,370.83
2/3/2001,371.37
2/10/2001,371.2
2/17/2001,371.74
2/24/2001,371.25
3/3/2001,372.26
3/10/2001,372.23
3/17/2001,372.14
3/24/2001,371.89
3/31/2001,372.1
4/7/2001,372.74
4/14/2001,372.76
4/21/2001,373.09
4/28/2001,372.83
5/5/2001,373.75
5/12/2001,374
5/19/2001,373.77
5/26/2001,373.97
6/2/2001,373.92
6/9/2001,373.19
6/16/2001,372.9
6/23/2001,372.96
6/30/2001,372.82
7/7/2001,372.21
7/14/2001,371.43
7/21/2001,371.28
7/28/2001,370.68
8/4/2001,369.99
8/11/2001,369.62
8/18/2001,369.35
8/25/2001,369.07
9/1/2001,368.53
9/8/2001,368.26
9/15/2001,368.1
9/22/2001,367.53
9/29/2001,367.48
10/6/2001,367.85
10/13/2001,367.65
10/20/2001,368.15
10/27/2001,368.84
11/3/2001,368.79
11/10/2001,368.95
11/17/2001,369.76
11/24/2001,370.36
12/1/2001,370.43
12/8/2001,370.95
12/15/2001,371.26
12/22/2001,371.43
12/29/2001,371.59
1/5/2002,371.86
1/12/2002,372.18
1/19/2002,372.96
1/26/2002,372.38
2/2/2002,372.77
2/9/2002,372.85
2/16/2002,372.76
2/23/2002,373.32
3/2/2002,373.21
3/9/2002,373.39
3/16/2002,373.29
3/23/2002,373.43
3/30/2002,374.22
4/6/2002,374.42
4/13/2002,374.47
4/20/2002,374.98
4/27/2002,375.4
5/4/2002,375.71
5/11/2002,374.88
5/18/2002,375.17
5/25/2002,375.85
6/1/2002,375.71
6/8/2002,375.59
6/15/2002,375.05
6/22/2002,375.43
6/29/2002,374.4
7/6/2002,374.55
7/13/2002,374.06
7/20/2002,373.61
7/27/2002,373.09
8/3/2002,372.86
8/10/2002,371.66
8/17/2002,370.96
8/24/2002,370.8
8/31/2002,370.05
9/7/2002,371.32
9/14/2002,371.09
9/21/2002,370.38
9/28/2002,369.9
10/5/2002,369.61
10/12/2002,369.97
10/19/2002,370.99
10/26/2002,370.37
11/2/2002,371.6
11/9/2002,371.48
11/16/2002,372.01
11/23/2002,372.62
11/30/2002,372.58
12/7/2002,373.25
12/14/2002,373.37
12/21/2002,374.09
12/28/2002,374.53
1/4/2003,374.42
1/11/2003,374.39
1/18/2003,374.75
1/25/2003,374.82
2/1/2003,375.16
2/8/2003,374.74
2/15/2003,375.63
2/22/2003,376.29
3/1/2003,375.75
3/8/2003,375.82
3/15/2003,375.69
3/22/2003,376.37
3/29/2003,376.75
4/5/2003,376.74
4/12/2003,377.23
4/19/2003,378.04
4/26/2003,378.39
5/3/2003,378.04
5/10/2003,377.42
5/17/2003,378.72
5/24/2003,378.64
5/31/2003,378.22
6/7/2003,378.33
6/21/2003,377.28
6/28/2003,377.79
7/5/2003,376.37
7/12/2003,376.99
7/19/2003,376.64
7/26/2003,375.92
8/2/2003,375.41
8/9/2003,374.61
8/16/2003,374
8/23/2003,374.41
8/30/2003,373.42
9/6/2003,373.03
9/13/2003,372.7
9/20/2003,373.02
9/27/2003,372.97
10/4/2003,372.81
10/25/2003,373.27
11/1/2003,373.44
11/8/2003,373.7
11/15/2003,374.39
11/22/2003,375.15
11/29/2003,374.66
12/6/2003,374.41
12/13/2003,376.09
12/20/2003,375.99
12/27/2003,376.37
1/3/2004,376.11
1/10/2004,376.11
1/17/2004,376.95
1/24/2004,377.23
1/31/2004,377.43
2/7/2004,377.41
2/14/2004,376.94
2/21/2004,377.29
2/28/2004,377.61
3/6/2004,377.99
3/13/2004,379.34
3/20/2004,378.41
3/27/2004,378.44
4/3/2004,380.03
4/10/2004,380.35
4/17/2004,380.5
4/24/2004,380.65
5/1/2004,380.22
5/8/2004,380.98
5/15/2004,380.45
5/22/2004,380.27
5/29/2004,380.6
6/5/2004,379.56
6/12/2004,379.94
6/19/2004,379.24
6/26/2004,379.01
7/3/2004,378.38
7/10/2004,377.98
7/17/2004,377.28
7/24/2004,376.94
7/31/2004,377.3
8/7/2004,376.5
8/14/2004,375.78
8/21/2004,375.64
8/28/2004,374.57
9/4/2004,373.77
9/11/2004,374.51
9/18/2004,374.09
9/25/2004,373.75
10/2/2004,373.96
10/9/2004,373.9
10/16/2004,374
10/23/2004,374.53
10/30/2004,374.97
11/6/2004,375.01
11/13/2004,376.08
11/20/2004,376.41
11/27/2004,376.08
12/4/2004,377.04
12/11/2004,377.32
12/18/2004,377.45
12/25/2004,377.63
1/1/2005,378.01
1/8/2005,378.16
1/15/2005,378.31
1/22/2005,378.29
1/29/2005,378.61
2/5/2005,378.97
2/12/2005,379.26
2/19/2005,380.2
3/26/2005,380.54
4/2/2005,382.04
4/9/2005,382.22
4/16/2005,381.32
4/23/2005,382.05
4/30/2005,382.35
5/7/2005,381.48
5/14/2005,382.5
5/21/2005,382.11
5/28/2005,382.55
6/4/2005,382.33
6/11/2005,382.28
6/18/2005,382.09
6/25/2005,381.45
7/2/2005,381.12
7/9/2005,380.87
7/16/2005,380.6
7/23/2005,380.32
7/30/2005,379.83
8/6/2005,379.17
8/13/2005,378.94
8/20/2005,378.37
8/27/2005,377.66
9/3/2005,377.79
9/10/2005,376.29
9/17/2005,376.1
9/24/2005,375.92
10/1/2005,376.3
10/8/2005,376.41
10/15/2005,377.08
10/22/2005,377.28
10/29/2005,377.21
11/5/2005,377.73
11/12/2005,378.03
11/19/2005,378.71
11/26/2005,378.74
12/3/2005,379.38
12/10/2005,380.06
12/17/2005,380.05
12/24/2005,380.1
12/31/2005,380.4
1/7/2006,381.25
1/14/2006,381.38
1/21/2006,381.54
1/28/2006,381.44
2/4/2006,382
2/25/2006,381.83
3/4/2006,382.36
3/11/2006,382.52
3/18/2006,382.71
3/25/2006,382.51
4/1/2006,382.93
4/8/2006,384.62
4/15/2006,384.64
4/22/2006,384.68
4/29/2006,384.59
5/6/2006,384.88
5/13/2006,384.84
5/20/2006,385.31
5/27/2006,384.27
6/3/2006,384.26
6/10/2006,384.28
6/17/2006,384.03
6/24/2006,383.52
7/1/2006,382.97
7/8/2006,382.75
7/15/2006,381.24
7/22/2006,381.78
7/29/2006,381.52
8/5/2006,381.18
8/12/2006,380.6
8/19/2006,380.17
8/26/2006,379.73
9/2/2006,379.48
9/9/2006,378.63
9/16/2006,378.76
9/23/2006,378.46
9/30/2006,378.96
10/7/2006,378.75
10/14/2006,379.11
10/21/2006,379.19
10/28/2006,379.54
11/4/2006,379.64
11/11/2006,379.78
11/18/2006,379.95
11/25/2006,381.39
12/2/2006,381.28
12/9/2006,381.57
12/16/2006,381.77
12/23/2006,381.93
12/30/2006,381.73
1/6/2007,382.61
1/13/2007,382.32
1/20/2007,381.81
2/3/2007,383.06
2/10/2007,383.57
2/17/2007,384.19
2/24/2007,383.73
3/3/2007,383.68
3/10/2007,383.61
3/17/2007,384.25
3/24/2007,384.93
3/31/2007,385.9
4/7/2007,385.43
4/14/2007,386.27
4/21/2007,386.97
4/28/2007,386.39
5/5/2007,385.82
5/12/2007,386.51
5/19/2007,386
5/26/2007,386.9
6/2/2007,386.57
6/9/2007,386.2
6/16/2007,386.26
6/23/2007,384.92
6/30/2007,384.82
7/7/2007,384.89
7/14/2007,384.72
7/21/2007,383.94
7/28/2007,383.38
8/4/2007,382.48
8/11/2007,381.69
8/18/2007,381.57
8/25/2007,381.64
9/1/2007,381.66
9/8/2007,380.71
9/15/2007,380.72
9/22/2007,380.9
9/29/2007,380.77
10/6/2007,380.65
10/13/2007,380.65
10/20/2007,381.07
10/27/2007,381.33
11/3/2007,381.73
11/10/2007,381.89
11/17/2007,382.4
11/24/2007,382.88
12/1/2007,382.87
12/8/2007,383.28
12/15/2007,383.76
12/22/2007,383.87
12/29/2007,384.01
1/5/2008,384.33
1/12/2008,384.38
1/19/2008,385.44
1/26/2008,386.03
2/2/2008,386.16
2/9/2008,385.69
2/16/2008,385.55
2/23/2008,385.21
3/1/2008,384.85
3/8/2008,385.85
3/15/2008,385.61
3/22/2008,386.14
3/29/2008,386.67
4/5/2008,387.97
4/12/2008,385.87
4/19/2008,386.35
4/26/2008,387.16
5/3/2008,386.91
5/10/2008,388.87
5/17/2008,388.81
5/24/2008,388.51
5/31/2008,388.46
6/7/2008,388.13
6/14/2008,387.76
6/21/2008,387.51
6/28/2008,388.08
7/5/2008,387.05
7/12/2008,386.08
7/19/2008,385.7
7/26/2008,385.93
8/2/2008,384.87
8/9/2008,384.65
8/16/2008,383.87
8/23/2008,383.52
8/30/2008,383.13
9/6/2008,383.15
9/13/2008,383.33
9/20/2008,382.95
9/27/2008,382.89
10/4/2008,382.63
10/11/2008,382.69
10/18/2008,382.93
10/25/2008,382.91
11/1/2008,383.58
11/8/2008,383.58
11/15/2008,384
11/22/2008,384.29
11/29/2008,384.43
12/6/2008,384.75
12/13/2008,384.87
12/20/2008,385.12
12/27/2008,385.77
1/3/2009,385.98
1/10/2009,386.51
1/17/2009,386.61
1/24/2009,387.02
1/31/2009,387.23
2/7/2009,386.49
2/14/2009,387.42
2/21/2009,387.38
2/28/2009,387.46
3/7/2009,388.52
3/14/2009,388.62
3/21/2009,388.41
3/28/2009,389.15
4/4/2009,389.37
4/11/2009,389.71
4/18/2009,388.65
4/25/2009,390.34
5/2/2009,390.14
5/9/2009,389.86
5/16/2009,390.28
5/23/2009,390.74
5/30/2009,389.33
6/6/2009,390.44
6/13/2009,389.99
6/20/2009,388.87
6/27/2009,388.7
7/4/2009,388.29
7/11/2009,388.66
7/18/2009,388.01
7/25/2009,387.46
8/1/2009,387.14
8/8/2009,386.65
8/15/2009,385.25
8/22/2009,386.04
8/29/2009,385.63
9/5/2009,385.28
9/12/2009,384.47
9/19/2009,384.59
9/26/2009,384.5
10/3/2009,383.41
10/10/2009,384.27
10/17/2009,384.55
10/24/2009,384.79
10/31/2009,385.17
11/7/2009,385.6
11/14/2009,386.09
11/21/2009,386.31
11/28/2009,386.73
12/5/2009,386.91
12/12/2009,386.81
12/19/2009,388.04
12/26/2009,388.19
1/2/2010,388.41
1/9/2010,388.17
1/16/2010,388.69
1/23/2010,388.59
1/30/2010,389.04
2/6/2010,390.92
2/13/2010,389.78
2/20/2010,390.84
2/27/2010,389.38
3/6/2010,391.08
3/13/2010,391.37
3/20/2010,391.56
3/27/2010,390.09
4/3/2010,391.16
4/10/2010,391.61
4/17/2010,393.28
4/24/2010,393.28
5/1/2010,393.01
5/8/2010,392.99
5/15/2010,393.15
5/22/2010,393.57
5/29/2010,393.04
6/5/2010,393.1
6/12/2010,392.37
6/19/2010,391.75
6/26/2010,391.48
7/3/2010,391.03
7/10/2010,390.22
7/17/2010,389.92
7/24/2010,390.13
7/31/2010,389.51
8/7/2010,389.07
8/14/2010,388.77
8/21/2010,388.13
8/28/2010,387.44
9/4/2010,386.92
9/11/2010,386.86
9/18/2010,386.98
9/25/2010,386.88
10/2/2010,386.76
10/9/2010,386.99
10/16/2010,387.04
10/23/2010,387.83
10/30/2010,387.81
11/6/2010,387.98
11/13/2010,388.29
11/20/2010,389.14
11/27/2010,389.62
12/4/2010,389.9
12/11/2010,389.78
12/18/2010,389.61
12/25/2010,389.99
1/1/2011,390.53
1/8/2011,391.64
1/15/2011,391.09
1/22/2011,391.28
1/29/2011,392.03
2/5/2011,391.93
2/12/2011,391.55
2/19/2011,391.86
2/26/2011,392.54
3/5/2011,391.63
3/12/2011,391.97
3/19/2011,392.47
3/26/2011,394.15
4/2/2011,393.44
4/9/2011,392.75
4/16/2011,393.77
4/23/2011,393.26
4/30/2011,393.63
5/7/2011,393.4
5/14/2011,393.89
5/21/2011,395.17
5/28/2011,394.54
6/4/2011,394.13
6/11/2011,393.47
6/18/2011,393.97
6/25/2011,393.42
7/2/2011,393.36
7/9/2011,393.66
7/16/2011,392.69
7/23/2011,391.18
7/30/2011,391.82
8/6/2011,390.8
8/13/2011,390.57
8/20/2011,389.86
8/27/2011,389.44
9/3/2011,389.28
9/10/2011,389.22
9/17/2011,389.19
9/24/2011,388.9
10/1/2011,388.95
10/8/2011,388.78
10/15/2011,388.96
10/22/2011,389.15
10/29/2011,389.5
11/5/2011,389.7
11/12/2011,390.29
11/19/2011,390.49
11/26/2011,390.83
12/3/2011,391.14
12/10/2011,391.76
12/17/2011,392.3
12/24/2011,392.14
12/31/2011,392.32
1/7/2012,392.99
1/14/2012,393.67
1/21/2012,393.1
1/28/2012,393.09
2/4/2012,392.49
2/11/2012,393.51
2/18/2012,394.04
2/25/2012,393.69
3/3/2012,394.24
3/10/2012,393.45
3/17/2012,394.87
3/24/2012,395.23
3/31/2012,394.98
4/7/2012,396.53
4/14/2012,396.46
4/21/2012,396.64
4/28/2012,396.78
5/5/2012,397.17
5/12/2012,397.37
5/19/2012,396.65
5/26/2012,396.37
6/2/2012,396.12
6/9/2012,396.11
6/16/2012,395.95
6/23/2012,395.82
6/30/2012,395.5
7/7/2012,394.94
7/14/2012,394.67
7/21/2012,394.43
7/28/2012,393.68
8/4/2012,393.47
8/11/2012,393
8/18/2012,392.38
8/25/2012,391.77
9/1/2012,392.05
9/8/2012,391.08
9/15/2012,391.1
9/22/2012,391.09
9/29/2012,391.06
10/20/2012,391.36
10/27/2012,391.54
11/3/2012,391.83
11/10/2012,392.84
11/17/2012,393.5
11/24/2012,393.44
12/1/2012,393.69
12/8/2012,394.13
12/15/2012,394.54
12/22/2012,394.92
12/29/2012,394.7
1/5/2013,395.08
1/12/2013,395.66
1/19/2013,396.3
1/26/2013,395.73
2/2/2013,396.48
2/9/2013,396.55
2/16/2013,397.41
2/23/2013,396.97
3/2/2013,397.23
3/9/2013,396.73
3/16/2013,397.34
3/23/2013,397.3
3/30/2013,398.49
4/6/2013,398.14
4/13/2013,397.52
4/20/2013,398.86
4/27/2013,399.43
5/4/2013,399.73
5/11/2013,399.86
5/18/2013,400.12
5/25/2013,400.3
6/1/2013,399.52
6/8/2013,399
6/15/2013,398.66
6/22/2013,398.58
6/29/2013,398.73
7/6/2013,397.64
7/13/2013,397.57
7/20/2013,396.92
7/27/2013,397.06
8/3/2013,396.69
8/10/2013,395.63
8/17/2013,395.32
8/24/2013,394.81
8/31/2013,394.41
9/7/2013,393.6
9/14/2013,393.33
9/21/2013,393.61
9/28/2013,393.3
10/5/2013,393.54
10/12/2013,393.6
10/19/2013,394.01
10/26/2013,394.21
11/2/2013,394.47
11/9/2013,395.33
11/16/2013,394.93
11/23/2013,395.74
11/30/2013,396.14
12/7/2013,396.35
12/14/2013,396.6
12/21/2013,397.38
12/28/2013,397.67
1/4/2014,397.98
1/11/2014,397.9
1/18/2014,398.21
1/25/2014,397.84
2/1/2014,398.1
2/8/2014,398.06
2/15/2014,397.87
2/22/2014,398.32
3/1/2014,398.01
3/8/2014,398.97
3/15/2014,400.78
3/22/2014,399.72
3/29/2014,400.44
4/5/2014,401.43
4/12/2014,401.32
4/19/2014,401.41
4/26/2014,401.53
5/3/2014,401.84
5/10/2014,401.61
5/17/2014,402.29
5/24/2014,401.54
5/31/2014,402.23
6/7/2014,401.65
6/14/2014,401.41
6/21/2014,401.32
6/28/2014,400.68
7/5/2014,400.17
7/12/2014,399.68
7/19/2014,398.63
7/26/2014,397.95
8/2/2014,397.95
8/9/2014,397.55
8/16/2014,397.32
8/23/2014,396.84
8/30/2014,396.46
9/6/2014,396.44
9/13/2014,394.88
9/20/2014,395.41
9/27/2014,395.64
10/4/2014,395.66
10/11/2014,395.57
10/18/2014,395.81
10/25/2014,396
11/1/2014,396.61
11/8/2014,396.99
11/15/2014,397.43
11/22/2014,397.33
11/29/2014,398.2
12/6/2014,398.35
12/13/2014,399.02
12/20/2014,399.19
12/27/2014,399.11
1/3/2015,400.02
1/10/2015,399.96
1/17/2015,399.82
1/24/2015,400.07
1/31/2015,400.28
2/7/2015,400.1
2/14/2015,400.23
2/21/2015,400.45
2/28/2015,401.11
3/7/2015,401.71
3/14/2015,401.88
3/21/2015,400.87
3/28/2015,402.59
4/4/2015,402.83
4/11/2015,403.97
4/18/2015,403.88
4/25/2015,403.26
5/2/2015,404.01
5/9/2015,404.02
5/16/2015,404.24
5/23/2015,403.78
5/30/2015,403.74
6/6/2015,403.38
6/13/2015,402.65
6/20/2015,402.56
6/27/2015,402.29
7/4/2015,402.18
7/11/2015,401.64
7/18/2015,400.95
7/25/2015,401.22
8/1/2015,398.67
8/8/2015,399.14
8/15/2015,399.05
8/22/2015,398.96
8/29/2015,398.73
9/5/2015,398.09
9/12/2015,397.03
9/19/2015,397.5
9/26/2015,397.35
10/3/2015,397.67
10/10/2015,398.44
10/17/2015,398.54
10/24/2015,398.36
10/31/2015,398.8
11/7/2015,399.46
11/14/2015,400.68
11/21/2015,400.35
11/28/2015,400.76
12/5/2015,400.84
12/12/2015,402.33
12/19/2015,402.25
12/26/2015,401.94
1/2/2016,402.18
1/9/2016,402.16
1/16/2016,402.61
1/23/2016,403.2
1/30/2016,402.72
2/6/2016,404.91
2/13/2016,403.15
2/20/2016,404.52
2/27/2016,403.91
3/5/2016,403.92
3/12/2016,404.45
3/19/2016,404.94
3/26/2016,406.09
4/2/2016,405.64
4/9/2016,408.49
4/16/2016,408.09
4/23/2016,407.63
4/30/2016,407.77
5/7/2016,407.44
5/14/2016,407.48
5/21/2016,407.34
5/28/2016,407.85
6/4/2016,407.46
6/11/2016,406.93
6/18/2016,406.95
6/25/2016,406.33
7/2/2016,405.89
7/9/2016,404.86
7/16/2016,403.57
7/23/2016,403.64
7/30/2016,403.69
8/6/2016,403.15
8/13/2016,402.04
8/20/2016,401.71
8/27/2016,401.36
9/3/2016,401.2
9/10/2016,401.06
9/17/2016,401.18
9/24/2016,400.78
10/1/2016,400.75
10/8/2016,401.13
10/15/2016,401.63
10/22/2016,401.75
10/29/2016,402.31
11/5/2016,403.08
11/12/2016,403.06
11/19/2016,403.88
11/26/2016,404.37
12/3/2016,404.09
12/10/2016,404.21
12/17/2016,404.56
12/24/2016,404.59
12/31/2016,405.31
1/7/2017,405.88
1/14/2017,405.84
1/21/2017,406.3
1/28/2017,406.28
2/4/2017,406.13
2/11/2017,405.95
2/18/2017,406.1
2/25/2017,408
3/4/2017,406.99
3/11/2017,406.46
3/18/2017,406.66
3/25/2017,407.82
4/1/2017,408.59
4/8/2017,407.12
4/15/2017,409.05
4/22/2017,409.82
4/29/2017,408.98
5/6/2017,409.47
5/13/2017,409.76
5/20/2017,410.11
5/27/2017,409.82
6/3/2017,409.61
6/10/2017,409.55
6/17/2017,408.76
6/24/2017,408.36
7/1/2017,407.7
7/8/2017,407.61
7/15/2017,407.04
7/22/2017,406.7
7/29/2017,406.43
8/5/2017,405.86
8/12/2017,405.48
8/19/2017,404.75
8/26/2017,404.47
9/2/2017,404.03
9/9/2017,403.32
9/16/2017,403.37
9/23/2017,402.88
9/30/2017,402.66
10/7/2017,403.12
10/14/2017,403.53
10/21/2017,403.98
10/28/2017,404.18
11/4/2017,404.21
11/11/2017,404.44
11/18/2017,405.46
11/25/2017,406.29
12/2/2017,406.78
12/9/2017,406.09
12/16/2017,406.43
12/23/2017,407
12/30/2017,407.17
1/6/2018,407.89
1/13/2018,408.01
1/20/2018,408.2
1/27/2018,407.98
2/3/2018,407.53
2/10/2018,408.73
2/17/2018,408.38
2/24/2018,408.64
3/3/2018,408.96
3/10/2018,409.52
3/17/2018,408.74
3/24/2018,409.73
3/31/2018,409.63
4/7/2018,409.34
4/14/2018,410.04
4/21/2018,411.29
4/28/2018,410.51
5/5/2018,409.68
5/12/2018,411.55
5/19/2018,411.36
5/26/2018,411.74
6/2/2018,411.08
6/9/2018,411.18
6/16/2018,410.5
6/23/2018,410.75
6/30/2018,410.13
7/7/2018,409.21
7/14/2018,409.01
7/21/2018,408.42
7/28/2018,408.01
8/4/2018,407.28
8/11/2018,407.21
8/18/2018,407
8/25/2018,406.56
9/1/2018,405.92
9/8/2018,405.54
9/15/2018,405.53
9/22/2018,405.63
9/29/2018,405.49
10/6/2018,405.49
10/13/2018,405.85
10/20/2018,406.35
10/27/2018,406.44
11/3/2018,406.76
11/10/2018,407.62
11/17/2018,409.03
11/24/2018,408.39
12/1/2018,408.5
12/8/2018,408.85
12/15/2018,409.51
12/22/2018,409.66
12/29/2018,409.2
1/5/2019,410.25
1/12/2019,409.66
1/19/2019,412.24
1/26/2019,410.84
2/2/2019,410.91
2/9/2019,412.05
2/16/2019,411.72
2/23/2019,411.39
3/2/2019,412.01
3/9/2019,412.19
3/16/2019,412.77
3/23/2019,410.69
3/30/2019,412.16
4/6/2019,412.57
4/13/2019,413.3
4/20/2019,413.88
4/27/2019,414.21
5/4/2019,414.35
5/11/2019,414.88
5/18/2019,415.01
5/25/2019,414.59
6/1/2019,414.14
6/8/2019,414.38
6/15/2019,413.77
6/22/2019,413.61
6/29/2019,413.31
7/6/2019,412.62
7/13/2019,412.23
7/20/2019,411.69
7/27/2019,410.25
8/3/2019,410.44
8/10/2019,410.41
8/17/2019,409.98
8/24/2019,409.45
8/31/2019,409.25
9/7/2019,408.73
9/14/2019,408.54
9/21/2019,408.43
9/28/2019,408.21
10/5/2019,407.92
10/12/2019,408.54
10/19/2019,408.71
10/26/2019,408.72
11/2/2019,409.79
11/9/2019,410.08
11/16/2019,409.92
11/23/2019,410.41
11/30/2019,410.85
12/7/2019,411.2
12/14/2019,411.6
12/21/2019,412.23
12/28/2019,412.63
1/4/2020,413.12
1/11/2020,413.32
1/25/2020,413.29
2/1/2020,413.93
2/8/2020,414.76
2/15/2020,413.74
2/22/2020,414.14
2/29/2020,413.87
3/7/2020,413.93
3/14/2020,414.23
3/21/2020,414.57
3/28/2020,415.5
4/4/2020,415.54
4/11/2020,416.4
4/18/2020,416.54
4/25/2020,415.79
5/2/2020,417.13
5/9/2020,416.84
5/16/2020,416.8
5/23/2020,417.41
5/30/2020,417.13
6/6/2020,416.43
6/13/2020,416.43
6/20/2020,416.09
6/27/2020,415.88
7/4/2020,415.13
7/11/2020,414.84
7/18/2020,414.22
7/25/2020,413.56
8/1/2020,413.35
8/8/2020,412.78
8/15/2020,412.67
8/22/2020,412.17
8/29/2020,411.72
9/5/2020,411.48
9/12/2020,411.37
9/19/2020,411.09
9/26/2020,410.99
10/3/2020,410.95
10/10/2020,411.05
10/17/2020,411.09
10/24/2020,411.48
10/31/2020,411.75
11/7/2020,412.3
11/14/2020,412.61
11/21/2020,412.91
11/28/2020,414.25
12/5/2020,413
12/12/2020,413.6
12/19/2020,414.34
12/26/2020,414.64
1/2/2021,415.19
1/9/2021,414.83
1/16/2021,414.84
1/23/2021,415.39
1/30/2021,415.68
2/6/2021,416.91
2/13/2021,416.46
2/20/2021,416.16
2/27/2021,416.45
3/6/2021,417.56
3/13/2021,416.54
3/20/2021,418
3/27/2021,416.43
4/3/2021,417.69
4/10/2021,419.02
4/17/2021,417.66
4/24/2021,418.54
5/1/2021,419.65
5/8/2021,418.16
5/15/2021,419.02
5/22/2021,417.98
5/29/2021,419.49
6/5/2021,419.46
6/12/2021,418.9
6/19/2021,418.49
6/26/2021,417.82
7/3/2021,417.7
7/10/2021,417.08
7/17/2021,416.91
7/24/2021,415.92
7/31/2021,414.94
8/7/2021,414.56
8/14/2021,414.66
8/21/2021,414.42
8/28/2021,412.68
9/4/2021,412.58
9/11/2021,413.15
9/18/2021,413.09
9/25/2021,413.05
